{"G": 89.8829893807519, "R": 117.14746585416613, "B": 80.21862170011053}