{"R": 117.46428712106815, "G": 90.15976713060383, "B": 80.53123109345314}