{"G": 116.64934347472985, "R": 122.67823749422884, "B": 103.99379228630652}