{"B": 106.16615873947144, "G": 115.95734941635132, "R": 124.99475890197753}