{"B": 79.953447357426157, "R": 116.60616556520858, "G": 89.466470443122688}