{"B": 80.470513823197194, "R": 116.92008829908987, "G": 89.992587630971741}